"MovieMeter id","IMDb code","titel","jaar","alternatieve titel","stem","geplaatst"
"54288","tt1022603","(500) Days of Summer","2009","500 Days of Summer","3.5","2016-08-11 21:12:58"
"43575","tt1038988","[Rec]","2007","Rec","3","2016-10-24 22:14:46"
"322317","tt1179933","10 Cloverfield Lane","2016","Ten Cloverfield Lane","3.5","2017-03-25 00:00:50"
"60118","tt1312203","102 Minutes That Changed America","2008","102 Minutes That Changed the World","3.5","2010-09-10 01:41:27"
"435","tt0050083","12 Angry Men","1957","Twelve Angry Men","3.5","2014-03-31 00:41:40"
"87685","tt2024544","12 Years a Slave","2013","Twelve Years a Slave","4","2015-10-24 20:16:47"
"68549","tt1542344","127 Hours","2010","","4","2011-03-13 20:07:14"
"48230","tt0974661","17 Again","2009","Seventeen Again","3","2009-12-21 15:07:11"
"1125951","tt8579674","1917","2019","","4","2020-01-18 23:57:11"
"249","tt0062622","2001: A Space Odyssey","1968","2001: Een Zwerftocht in de Ruimte","3.5","2014-12-18 22:57:15"
"53803","tt1190080","2012","2009","","3.5","2009-12-14 18:40:32"
"15033","tt0315733","21 Grams","2003","","4.5","2019-05-09 22:41:08"
"76913","tt1232829","21 Jump Street","2012","","3","2012-06-27 12:19:51"
"96776","tt2294449","22 Jump Street","2014","","3","2014-11-01 01:43:37"
"3812","tt0289043","28 Days Later...","2002","","4","2009-06-21 15:04:12"
"40087","tt0463854","28 Weeks Later","2007","","3.5","2009-06-24 22:51:16"
"77210","tt1306980","50/50","2011","","4","2013-06-30 12:23:21"
"62797","tt0429493","A-Team, The","2010","The A Team","3","2010-06-22 23:51:03"
"79887","tt1591479","Act of Valor","2012","","3","2012-04-26 22:53:11"
"30518","tt0418455","Adams Æbler","2005","Adam's Apples","3","2014-10-03 23:43:39"
"71340","tt0983193","Adventures of Tintin, The","2011","De Avonturen van Kuifje: Het Geheim van de Eenhoorn","3","2011-11-14 00:52:30"
"430641","tt4016934","Ah-ga-ssi","2016","The Handmaiden","3","2020-08-01 23:28:10"
"78886","tt1712170","Alex Cross","2012","","2","2012-11-21 00:16:38"
"56715","tt1014759","Alice in Wonderland","2010","","3","2010-03-25 13:21:18"
"274","tt0078748","Alien","1979","","3.5","2017-11-17 23:32:16"
"275","tt0090605","Aliens","1986","","3.5","2017-11-20 18:37:00"
"3703","tt0020629","All Quiet on the Western Front","1930","","4","2014-11-26 01:45:46"
"1166","tt0086879","Amadeus","1984","","3","2016-03-04 10:30:44"
"191","tt0169547","American Beauty","1999","","5","2015-05-05 01:03:11"
"39302","tt0765429","American Gangster","2007","","4","2014-09-24 00:38:14"
"232","tt0120586","American History X","1998","","4","2013-04-26 00:56:01"
"94636","tt1800241","American Hustle","2013","","2","2014-02-11 00:28:23"
"223","tt0163651","American Pie","1999","","4","2008-07-16 16:45:01"
"32553","tt0436058","American Pie Presents Band Camp","2005","","3","2009-07-16 22:19:22"
"45265","tt0974959","American Pie Presents Beta House","2007","American Pie: Beta House","2.5","2010-08-15 22:14:26"
"20","tt0144084","American Psycho","2000","","3.5","2015-02-18 00:40:43"
"78090","tt1605630","American Reunion","2012","American Pie: Reunion","3","2012-04-11 18:52:16"
"101079","tt2179136","American Sniper","2014","","3.5","2015-03-24 14:56:38"
"1959","tt0245712","Amores Perros","2000","Love's a Bitch","3","2019-10-12 22:15:11"
"49002","tt0808151","Angels & Demons","2009","Het Bernini Mysterie","3.5","2012-10-06 18:36:06"
"1115757","tt2798920","Annihilation","2018","","2.5","2018-04-26 23:23:56"
"75528","tt1549572","Another Earth","2011","","4","2018-02-02 10:20:29"
"108270","tt0478970","Ant-Man","2015","","3.5","2016-05-06 14:38:00"
"1579","tt0053604","Apartment, The","1960","","3.5","2018-12-01 10:30:43"
"198","tt0078788","Apocalypse Now","1979","Apocalypse Now Redux","3.5","2016-01-30 23:13:27"
"88876","tt2536436","App","2013","","3","2013-03-27 23:38:38"
"536635","tt2543164","Arrival","2016","","3.5","2016-12-02 23:59:57"
"502","tt0212720","Artificial Intelligence: AI","2001","A.I.: Artificial Intelligence","4","2010-10-22 01:56:02"
"415","tt0119822","As Good As It Gets","1997","","3.5","2016-05-30 20:33:26"
"17552","tt0499549","Avatar","2009","","3.5","2010-03-05 01:13:16"
"78348","tt0848228","Avengers, The","2012","Marvel's The Avengers","3.5","2012-04-29 02:40:49"
"73311","tt1687901","Awakening, The","2011","","2","2013-02-05 17:35:57"
"694","tt0099077","Awakenings","1990","","3.5","2014-07-20 00:21:12"
"1111345","tt3890160","Baby Driver","2017","","3.5","2017-07-11 23:33:37"
"261","tt0088763","Back to the Future","1985","Terug naar de Toekomst","4","2009-11-22 15:57:55"
"262","tt0096874","Back to the Future Part II","1989","","3.5","2009-11-23 23:49:10"
"263","tt0099088","Back to the Future Part III","1990","","3.5","2009-11-23 23:50:37"
"1126306","tt1502397","Bad Boys for Life","2020","Bad Boys 3","3","2020-02-25 08:48:14"
"2096","tt0280486","Bad Company","2002","","3","2014-09-11 21:28:56"
"64854","tt1284575","Bad Teacher","2011","","2","2012-02-26 16:04:06"
"43585","tt0814022","Bangkok Dangerous","2008","","3","2009-11-01 18:43:36"
"709116","tt5121816","Bar, El","2017","The Bar","3","2018-02-02 22:37:16"
"21532","tt0372784","Batman Begins","2005","","3.5","2014-11-07 23:02:55"
"68047","tt1217613","Battle Los Angeles","2011","World Invasion: Battle Los Angeles","2.5","2011-04-21 20:58:36"
"4","tt0163978","Beach, The","2000","","3","2014-04-07 23:56:53"
"2216","tt0118689","Bean","1997","The Ultimate Disaster Movie","3.5","2009-07-30 22:26:58"
"1726","tt0268978","Beautiful Mind, A","2001","","3.5","2014-03-23 14:12:01"
"37056","tt0486551","Beerfest","2006","","2.5","2011-06-02 01:46:36"
"393","tt0094721","Beetlejuice","1988","Beetle Juice","3.5","2018-08-11 19:32:00"
"11","tt0120601","Being John Malkovich","1999","","3","2015-08-21 17:49:07"
"416","tt0094737","Big","1988","","3.5","2010-06-08 14:41:02"
"8837","tt0319061","Big Fish","2003","","3","2012-10-19 00:53:49"
"309","tt0118715","Big Lebowski, The","1998","","3.5","2018-09-01 22:47:58"
"228651","tt1596363","Big Short, The","2015","","4","2017-01-05 01:00:43"
"1122769","tt9495224","Black Mirror: Bandersnatch","2018","Bandersnatch","3.5","2019-01-04 23:20:26"
"68071","tt0947798","Black Swan","2010","","3.5","2011-02-16 00:08:17"
"1119764","tt7349662","BlacKkKlansman","2018","","3.5","2018-08-30 23:21:35"
"224","tt0120611","Blade","1998","","3.5","2014-07-28 22:27:19"
"299","tt0083658","Blade Runner","1982","Blade Runner: The Final Cut","2.5","2016-03-06 12:03:22"
"1111243","tt1856101","Blade Runner 2049","2017","","3.5","2017-10-07 16:37:13"
"43177","tt0454084","Blind Dating","2006","Blind Guy Dating","3","2010-11-30 21:59:18"
"38566","tt0450259","Blood Diamond","2006","","3.5","2012-10-19 00:54:40"
"894","tt0090756","Blue Velvet","1986","","3.5","2014-10-18 01:45:14"
"1115424","tt1727824","Bohemian Rhapsody","2018","","4","2018-12-31 00:31:57"
"151","tt0181984","Boiler Room","2000","","3.5","2010-05-16 22:30:36"
"38","tt0144117","Boondock Saints, The","1999","","3","2014-06-04 18:42:17"
"792","tt0082096","Boot, Das","1981","De Andere Kant van de Oorlog","4","2018-10-25 22:31:04"
"525072","tt3874544","Boss Baby, The","2017","","3","2017-07-14 01:42:05"
"2154","tt0258463","Bourne Identity, The","2002","","3","2012-04-14 22:32:39"
"86422","tt1194173","Bourne Legacy, The","2012","","3","2012-09-12 00:19:24"
"18086","tt0372183","Bourne Supremacy, The","2004","","2.5","2012-04-14 22:32:54"
"40700","tt0440963","Bourne Ultimatum, The","2007","","2","2012-04-14 22:33:31"
"5801","tt0310793","Bowling for Columbine","2002","","3.5","2010-08-15 22:21:54"
"47935","tt0362478","Box, The","2009","","2.5","2017-06-25 00:14:47"
"51985","tt0914798","Boy in the Striped Pyjamas, The","2008","The Boy in the Striped Pajamas","3","2011-10-10 16:00:52"
"234","tt0112573","Braveheart","1995","","4","2018-04-29 09:55:46"
"297","tt0088847","Breakfast Club, The","1985","","3.5","2018-11-08 22:00:27"
"69036","tt1478338","Bridesmaids","2011","","2.5","2012-03-31 01:13:06"
"127338","tt1895315","Brimstone","2016","Koolhoven's Brimstone","3.5","2019-04-21 23:45:03"
"29868","tt0388795","Brokeback Mountain","2005","","3","2014-07-28 14:23:57"
"2582","tt0015648","Bronenosets Potyomkin","1925","Battleship Potemkin","3","2012-02-09 16:05:32"
"7862","tt0315327","Bruce Almighty","2003","","3.5","2010-10-28 00:50:35"
"57086","tt0889583","Brüno","2009","","3.5","2009-07-10 13:21:24"
"44139","tt0825232","Bucket List, The","2007","","3.5","2011-01-10 14:24:26"
"332","tt0060196","Buono, il Brutto, il Cattivo, Il","1966","The Good, the Bad and the Ugly","4","2018-01-29 15:51:15"
"59611","tt1462758","Buried","2010","","3.5","2010-12-08 00:58:31"
"462780","tt5700672","Busanhaeng","2016","Train to Busan","4","2019-08-11 23:37:27"
"2073","tt0064115","Butch Cassidy and the Sundance Kid","1969","","3","2016-09-10 23:23:31"
"12109","tt0289879","Butterfly Effect, The","2004","","4","2010-09-05 21:53:19"
"493","tt0064116","C'era una Volta il West","1968","Once upon a Time in the West","4","2016-01-23 11:31:06"
"1199","tt0103905","C'est Arrivé près de chez Vous","1992","Man Bites Dog","2.5","2012-02-23 12:16:18"
"6203","tt0003740","Cabiria","1914","","2.5","2014-10-07 23:21:26"
"450","tt0115798","Cable Guy, The","1996","","3","2019-08-12 21:57:07"
"1126186","tt9243946","Camino: A Breaking Bad Movie, El","2019","","3.5","2019-10-11 23:48:18"
"94287","tt1535109","Captain Phillips","2013","","3.5","2014-02-08 15:45:27"
"809","tt0074285","Carrie","1976","","3.5","2017-10-28 18:09:49"
"247","tt0034583","Casablanca","1942","","2","2015-08-16 18:54:10"
"99","tt0162222","Cast Away","2000","","4","2009-03-14 23:52:39"
"2419","tt0264464","Catch Me If You Can","2002","","3.5","2014-04-28 00:59:32"
"57247","tt1242422","Celda 211","2009","Cell 211","4","2019-04-15 17:12:25"
"73578","tt1488555","Change-Up, The","2011","","3","2014-01-17 14:13:14"
"46714","tt0824747","Changeling","2008","","4","2014-09-14 22:58:13"
"102012","tt1823672","Chappie","2015","","3.5","2015-08-20 23:54:20"
"1839","tt0109402","Chase, The","1994","","4","2014-11-07 23:14:25"
"46681","tt0005078","Cheat, The","1915","","3","2014-10-17 23:23:11"
"1124259","tt7366338","Chernobyl","2019","","4.5","2020-01-02 17:34:52"
"3098","tt0082176","Christiane F. - Wir Kinder vom Bahnhof Zoo","1981","Christiane F.","3.5","2015-01-02 01:05:21"
"7959","tt0317248","Cidade de Deus","2002","City of God","3","2015-08-12 23:50:21"
"103635","tt3118452","Circle","2015","Kring","3","2017-06-13 22:59:31"
"181","tt0033467","Citizen Kane","1941","","2","2018-04-13 19:14:51"
"1537","tt0021749","City Lights","1931","","3.5","2017-11-30 22:25:04"
"58228","tt0800320","Clash of the Titans","2010","","2","2012-02-21 19:56:19"
"32779","tt0389860","Click","2006","","3.5","2019-05-03 22:29:29"
"254","tt0066921","Clockwork Orange, A","1971","","4","2011-03-29 16:49:01"
"54575","tt0844471","Cloudy with a Chance of Meatballs","2009","Het Regent Gehaktballen","3.5","2010-04-18 14:54:26"
"246785","tt2380307","Coco","2017","","4","2018-10-26 23:08:40"
"99529","tt2866360","Coherence","2013","","3.5","2018-04-20 00:31:11"
"69912","tt1657507","Colombiana","2011","","3","2011-10-01 09:44:43"
"88240","tt1457767","Conjuring, The","2013","","3.5","2019-12-23 21:45:23"
"235","tt0118884","Contact","1997","","2.5","2016-01-11 22:36:02"
"78156","tt1598778","Contagion","2011","","3.5","2011-10-31 11:22:42"
"620677","tt4857264","Contratiempo","2016","The Invisible Guest","4","2018-10-07 23:26:52"
"50949","tt1121931","Crank: High Voltage","2009","Crank 2","3.5","2009-11-29 19:43:39"
"20709","tt0375679","Crash","2004","","4.5","2014-06-28 01:42:55"
"45379","tt0455407","Crazies, The","2010","","3.5","2010-03-30 14:24:48"
"72696","tt1570728","Crazy, Stupid, Love.","2011","","3.5","2011-09-20 12:50:24"
"56783","tt1510691","Crips, Strapped 'n Strong","2009","Crips","3","2012-10-24 17:09:45"
"298","tt0123755","Cube","1997","","3.5","2016-04-16 19:44:06"
"45404","tt0421715","Curious Case of Benjamin Button, The","2008","","3.5","2010-10-25 13:56:16"
"30417","tt0382625","Da Vinci Code, The","2006","","3","2009-01-17 23:46:36"
"1002","tt0118928","Dante's Peak","1997","","3.5","2015-08-26 19:56:32"
"80594","tt1345836","Dark Knight Rises, The","2012","T.D.K.R.","3","2015-11-28 15:37:49"
"42666","tt0468569","Dark Knight, The","2008","","3","2010-11-14 03:52:07"
"61494","tt1279935","Date Night","2010","","3","2010-05-16 15:32:00"
"15561","tt0363547","Dawn of the Dead","2004","","3.5","2009-11-29 19:43:15"
"94387","tt2103281","Dawn of the Planet of the Apes","2014","","3.5","2019-01-27 01:24:07"
"1116807","tt7286916","Dawn Wall, The","2017","","3.5","2019-12-22 00:26:38"
"15998","tt0319262","Day after Tomorrow, The","2004","","3.5","2010-10-27 23:30:14"
"681","tt0116040","Daylight","1996","","3.5","2014-07-28 22:28:11"
"139555","tt1431045","Deadpool","2016","","3","2016-02-21 23:02:37"
"42840","tt1028528","Death Proof","2007","Grindhouse: Death Proof","3","2015-08-17 00:27:03"
"832","tt0149261","Deep Blue Sea","1999","","3.5","2014-07-28 22:27:06"
"315","tt0120647","Deep Impact","1998","","3","2008-07-21 22:42:53"
"251","tt0077416","Deer Hunter, The","1978","","4","2019-01-19 00:19:58"
"38081","tt0453467","Deja Vu","2006","Déjà Vu","3.5","2010-09-19 23:19:20"
"31480","tt0407887","Departed, The","2006","","3","2015-12-11 10:22:56"
"58983","tt1323594","Despicable Me","2010","Verschrikkelijke Ikke","3.5","2010-10-16 19:02:48"
"91513","tt1690953","Despicable Me 2","2013","Verschrikkelijke Ikke 2","3","2013-07-05 15:16:56"
"75772","tt1683526","Detachment","2011","","3.5","2012-09-30 01:10:05"
"68038","tt1314655","Devil","2010","","3","2010-09-27 22:33:51"
"82046","tt1645170","Dictator, The","2012","","3","2012-05-18 17:25:23"
"270","tt0095016","Die Hard","1988","","4","2014-08-04 23:10:52"
"272","tt0112864","Die Hard with a Vengeance","1995","Die Hard 3","3","2014-08-04 23:10:04"
"65016","tt0427152","Dinner for Schmucks","2010","","3","2010-09-18 01:33:07"
"76142","tt1433811","Disconnect","2012","","3.5","2017-08-10 19:25:43"
"57265","tt1136608","District 9","2009","","3.5","2009-10-18 15:05:27"
"83317","tt1853728","Django Unchained","2012","","4","2013-02-14 17:33:50"
"5101","tt0018839","Docks of New York, The","1928","","2","2014-10-21 23:57:23"
"712","tt0072890","Dog Day Afternoon","1975","","3.5","2014-07-29 23:19:09"
"408562","tt4160708","Don't Breathe","2016","","3","2020-02-21 21:20:40"
"457","tt0119008","Donnie Brasco","1997","","3","2014-11-16 16:04:51"
"2029","tt0246578","Donnie Darko","2001","","5","2010-05-18 17:12:06"
"1547","tt0036775","Double Indemnity","1944","Bloedgeld","3.5","2018-06-08 22:22:56"
"649","tt0057012","Dr. Strangelove or: How I Learned to Stop Worrying and Love the Bomb","1964","Dr. Strangelove","3.5","2014-11-06 00:10:19"
"71438","tt0780504","Drive","2011","","4","2013-03-26 11:23:43"
"64422","tt1502404","Drive Angry","2011","Drive Angry 3D","3.5","2011-03-01 00:31:25"
"62253","tt1231583","Due Date","2010","","3.5","2010-11-11 22:23:32"
"925","tt0067023","Duel","1971","","3.5","2011-03-26 00:17:40"
"97709","tt2096672","Dumb and Dumber To","2014","","3","2014-11-29 00:57:38"
"532954","tt5013056","Dunkirk","2017","","3.5","2017-08-07 05:56:50"
"65253","tt1282140","Easy A","2010","","2","2014-12-18 22:56:58"
"367","tt0064276","Easy Rider","1969","","2.5","2012-03-05 14:34:11"
"92113","tt1631867","Edge of Tomorrow","2014","Live Die Repeat: Edge of Tomorrow","4","2014-06-10 19:43:49"
"635","tt0131369","Edtv","1999","","3","2008-08-01 14:30:47"
"686","tt0099487","Edward Scissorhands","1990","","4","2012-07-23 15:13:35"
"2433","tt0271367","Eight Legged Freaks","2002","Arac Attack","3.5","2010-09-03 23:09:16"
"2132","tt0080678","Elephant Man, The","1980","","3.5","2018-01-23 15:40:39"
"87117","tt1535108","Elysium","2013","","4","2013-08-18 03:54:02"
"79377","tt1855199","End of Watch","2012","","3.5","2012-10-24 23:28:30"
"92666","tt2316411","Enemy","2013","","4","2017-10-01 10:12:20"
"6324","tt0238380","Equilibrium","2002","","3","2016-05-29 18:55:07"
"159491","tt4176826","Er Ist Wieder Da","2015","Look Who's Back","3.5","2016-06-05 13:34:08"
"590","tt0079116","Escape from Alcatraz","1979","","4","2014-07-28 14:26:13"
"12354","tt0338013","Eternal Sunshine of the Spotless Mind","2004","","3.5","2010-10-17 01:17:22"
"17370","tt0356150","EuroTrip","2004","","3.5","2011-03-29 19:44:41"
"1129823","tt8580274","Eurovision Song Contest: The Story of Fire Saga","2020","","3.5","2020-10-16 21:34:47"
"38025","tt0413099","Evan Almighty","2007","","2","2012-03-02 22:31:25"
"98345","tt2719848","Everest","2015","","3.5","2015-10-17 15:31:45"
"98608","tt0470752","Ex Machina","2014","","4","2016-10-10 21:33:28"
"61981","tt1258197","Exam","2009","","3.5","2016-02-20 13:52:58"
"79882","tt1764651","Expendables 2, The","2012","EX2","3","2012-09-06 22:51:23"
"56647","tt1320253","Expendables, The","2010","","2","2010-11-21 03:08:20"
"2380","tt0250258","Experiment, Das","2001","The Experiment","4","2012-09-20 22:39:20"
"1375","tt0211915","Fabuleux Destin d'Amélie Poulain, Le","2001","Amélie","2.5","2012-06-06 13:49:20"
"291","tt0119094","Face/Off","1997","Face Off","3.5","2019-08-15 23:40:08"
"5004","tt0060390","Fahrenheit 451","1966","","3","2012-02-22 16:24:28"
"46798","tt0460791","Fall, The","2006","","3","2018-04-06 22:51:01"
"2459","tt0032455","Fantasia","1940","Walt Disney's Fantasia","4","2014-07-28 22:22:43"
"195","tt0116282","Fargo","1996","","3.5","2013-07-14 00:02:16"
"72540","tt1596343","Fast Five","2011","The Fast and the Furious 5","3","2011-06-02 01:48:01"
"1111118","tt4630562","Fate of the Furious, The","2017","Fast & Furious 8","3.5","2017-04-21 11:56:43"
"669","tt0120669","Fear and Loathing in Las Vegas","1998","","2.5","2011-02-02 00:58:22"
"661","tt0091042","Ferris Bueller's Day Off","1986","Ferris Bueller's Baaldag","3.5","2014-12-23 12:24:17"
"325","tt0154420","Festen","1998","The Celebration","3.5","2012-02-21 22:53:14"
"175","tt0137523","Fight Club","1999","","3.5","2014-07-11 00:35:13"
"60215","tt0964517","Fighter, The","2010","","3","2012-01-22 22:47:08"
"54716","tt1144884","Final Destination, The","2009","Final Destination 4","2.5","2009-09-19 11:24:16"
"2016","tt0154506","Following","1998","","3","2011-05-16 16:48:10"
"1125116","tt1950186","Ford v Ferrari","2019","Le Mans '66","3.5","2019-11-16 00:30:32"
"28121","tt0414993","Fountain, The","2006","","2.5","2014-06-10 23:03:06"
"40753","tt0488120","Fracture","2007","","3.5","2018-01-21 10:36:21"
"1121269","tt7775622","Free Solo","2018","","3.5","2019-11-09 22:04:13"
"3","tt0186151","Frequency","2000","","3.5","2015-10-24 22:50:19"
"202","tt0116367","From Dusk till Dawn","1996","","3.5","2009-11-18 18:19:50"
"53977","tt1179034","From Paris with Love","2010","","3","2010-03-31 21:01:47"
"92952","tt2294629","Frozen","2013","","3","2019-11-23 22:55:32"
"250","tt0093058","Full Metal Jacket","1987","","3.5","2012-06-08 00:39:13"
"90885","tt1905041","Furious 6","2013","Fast & Furious 6","3","2013-05-31 00:48:20"
"101345","tt2820852","Furious Seven","2015","Fast & Furious 7","3.5","2015-05-03 20:16:27"
"236","tt0119174","Game, The","1997","","4","2013-07-13 18:34:42"
"80370","tt1321870","Gangster Squad","2013","","3.5","2013-02-05 17:34:25"
"19120","tt0333766","Garden State","2004","","3","2014-01-17 14:13:47"
"1580","tt0017925","General, The","1926","De Generaal","3.5","2018-01-25 15:30:04"
"56507","tt1194263","Get Low","2009","","2.5","2018-08-26 00:22:16"
"769612","tt5052448","Get Out","2017","","4","2019-08-13 21:31:19"
"66561","tt1567609","Get the Gringo","2012","How I Spent My Summer Vacation","3","2012-06-26 01:37:40"
"1767","tt0162346","Ghost World","2001","","3","2015-05-01 00:05:07"
"104025","tt4178092","Gift, The","2015","","3.5","2020-02-15 23:08:38"
"77135","tt1568346","Girl with the Dragon Tattoo, The","2011","","3.5","2012-02-18 10:11:15"
"1121972","tt6751668","Gisaengchung","2019","Parasite","4","2020-02-09 19:31:44"
"56","tt0172495","Gladiator","2000","","4","2016-04-16 19:43:47"
"78626","tt1912398","God Bless America","2011","","2","2012-09-05 00:36:27"
"320","tt0068646","Godfather, The","1972","Mario Puzo's The Godfather","3.5","2015-10-25 21:40:39"
"321","tt0071562","Godfather: Part II, The","1974","Mario Puzo's The Godfather: Part II","2.5","2015-11-09 20:08:26"
"322","tt0099674","Godfather: Part III, The","1990","The Godfather, Coda: The Death of Michael Corleone","2.5","2015-11-23 22:11:03"
"2487","tt0015864","Gold Rush, The","1925","","3","2018-01-16 18:41:29"
"96878","tt2267998","Gone Girl","2014","","4","2014-10-15 00:44:08"
"68","tt0187078","Gone in Sixty Seconds","2000","Gone in 60 Seconds","3","2009-07-08 23:40:49"
"88491","tt1606378","Good Day to Die Hard, A","2013","Die Hard 5","2","2013-02-20 23:21:09"
"194","tt0119217","Good Will Hunting","1997","","3.5","2014-09-21 00:11:45"
"292","tt0099685","Goodfellas","1990","GoodFellas","3","2017-01-03 23:51:35"
"53238","tt1205489","Gran Torino","2008","","4","2014-08-10 01:00:05"
"33796","tt0456554","Grandma's Boy","2006","","1.5","2010-08-31 23:16:17"
"87558","tt1454468","Gravity","2013","","4","2014-01-17 14:11:42"
"2435","tt0032553","Great Dictator, The","1940","De Dictator","2","2014-07-28 22:18:39"
"81622","tt1343092","Great Gatsby, The","2013","","3","2013-06-03 23:18:41"
"1121092","tt6966692","Green Book","2018","","3.5","2020-05-23 00:46:32"
"60011","tt0990407","Green Hornet, The","2011","","3.5","2011-01-18 23:59:26"
"260","tt0107048","Groundhog Day","1993","","4.5","2015-05-05 16:43:35"
"61551","tt1375670","Grown Ups","2010","","3","2010-10-09 17:18:55"
"91685","tt2191701","Grown Ups 2","2013","","2","2013-07-24 16:30:45"
"66810","tt1320261","Gulliver's Travels","2010","","2.5","2011-08-16 02:40:44"
"47522","tt1028532","Hachi: A Dog's Tale","2009","Hachiko: A Dog's Story","3.5","2013-05-02 00:31:54"
"235590","tt2119532","Hacksaw Ridge","2016","","4","2017-10-15 11:10:15"
"2272","tt0113247","Haine, La","1995","Hate","3","2014-09-05 21:38:26"
"46120","tt0448157","Hancock","2008","","3.5","2017-11-13 21:04:05"
"72141","tt1411697","Hangover Part II, The","2011","","3.5","2011-05-27 00:31:33"
"92117","tt1951261","Hangover Part III, The","2013","","3","2013-07-15 20:54:30"
"54691","tt1119646","Hangover, The","2009","","3.5","2009-06-23 22:19:34"
"240","tt0147612","Happiness","1998","","4","2014-10-03 23:59:32"
"1114227","tt5308322","Happy Death Day","2017","","3","2018-03-02 21:11:16"
"28993","tt0424136","Hard Candy","2005","","2.5","2015-03-15 00:53:13"
"44249","tt0481536","Harold & Kumar Escape from Guantanamo Bay","2008","","3.5","2010-09-21 00:41:57"
"19662","tt0366551","Harold & Kumar Go to White Castle","2004","Harold & Kumar Get the Munchies","3.5","2010-09-06 00:14:01"
"61974","tt0926084","Harry Potter and the Deathly Hallows: Part 1","2010","The Deathly Hallows","3.5","2010-11-25 00:35:07"
"66863","tt1201607","Harry Potter and the Deathly Hallows: Part 2","2011","Harry Potter en de Relieken van de Dood: Deel 2","3.5","2011-08-15 00:17:17"
"102362","tt3460252","Hateful Eight, The","2015","The Hateful 8","3.5","2017-10-29 18:05:28"
"11583","tt0347149","Hauru no Ugoku Shiro","2004","Howl's Moving Castle","3.5","2020-05-04 23:30:58"
"31644","tt0009150","Hearts of the World","1918","Love's Struggle","3.5","2014-10-17 00:10:04"
"237","tt0113277","Heat","1995","","2.5","2014-03-09 01:16:48"
"95355","tt1798709","Her","2013","","3.5","2015-08-21 23:42:27"
"505132","tt1959563","Hitman's Bodyguard, The","2017","","2.5","2018-10-21 10:56:48"
"73863","tt1614989","Hodejegerne","2011","Headhunters","4","2020-04-26 23:15:08"
"1162","tt0099785","Home Alone","1990","","3.5","2009-12-26 00:43:12"
"72227","tt1499658","Horrible Bosses","2011","","3","2014-05-17 19:56:14"
"31035","tt0450278","Hostel","2005","","3","2009-01-04 00:03:51"
"38181","tt0425112","Hot Fuzz","2007","","3","2011-02-19 01:45:49"
"59174","tt1231587","Hot Tub Time Machine","2010","","3","2010-08-16 23:50:00"
"4443","tt0095327","Hotaru no Haka","1988","Grave of the Fireflies","3.5","2019-06-21 22:35:37"
"1112269","tt5461944","Hotel Mumbai","2018","","4","2019-05-24 22:25:11"
"52147","tt0892769","How to Train Your Dragon","2010","Hoe Tem Je een Draak","3.5","2016-01-17 19:11:06"
"78254","tt1392170","Hunger Games, The","2012","","3","2012-04-08 16:22:31"
"39617","tt0480249","I Am Legend","2007","","3.5","2008-08-01 14:23:22"
"70479","tt1464540","I Am Number Four","2011","","2.5","2011-03-13 20:07:56"
"51018","tt1045772","I Love You Phillip Morris","2009","","2.5","2010-05-23 18:35:21"
"97116","tt2884206","I Origins","2014","","3.5","2017-08-05 17:07:06"
"18222","tt0343818","I, Robot","2004","","3.5","2010-12-03 01:13:54"
"1221","tt0119349","Ice Storm, The","1997","Ice Storm","3.5","2015-05-25 10:59:11"
"88516","tt2024432","Identity Thief","2013","","2.5","2013-05-29 23:13:14"
"78251","tt1124035","Ides of March, The","2011","","3","2014-01-28 02:15:12"
"97636","tt2084970","Imitation Game, The","2014","","4","2015-02-02 22:55:08"
"81404","tt1966604","Imposter, The","2012","","3.5","2015-12-31 00:10:48"
"42802","tt0780536","In Bruges","2008","","3.5","2014-05-04 00:23:58"
"438","tt0107207","In the Name of the Father","1993","","4","2015-08-19 00:15:27"
"75622","tt1637688","In Time","2011","","3.5","2014-04-28 22:49:06"
"68905","tt1255953","Incendies","2010","","3.5","2018-04-10 17:23:05"
"59666","tt1375666","Inception","2010","","4.5","2010-10-17 01:41:32"
"312","tt0116629","Independence Day","1996","","4","2008-07-05 19:27:09"
"319","tt0097576","Indiana Jones and the Last Crusade","1989","","3.5","2018-05-21 12:08:07"
"296883","tt3062096","Inferno","2016","","3.5","2016-11-04 22:46:17"
"53273","tt0361748","Inglourious Basterds","2009","","3","2012-02-26 16:05:55"
"39141","tt0460829","Inland Empire","2006","","2","2012-07-22 16:14:39"
"34127","tt0454848","Inside Man","2006","","3","2010-10-24 19:14:27"
"101524","tt2096673","Inside Out","2015","Binnenstebuiten","4","2019-11-03 16:45:06"
"69191","tt1591095","Insidious","2010","","3","2013-05-18 16:11:24"
"46615","tt0963178","International, The","2009","","2","2009-04-28 11:15:52"
"92228","tt2234155","Internship, The","2013","","2","2013-07-15 00:03:36"
"97214","tt0816692","Interstellar","2014","","4","2014-11-12 22:37:38"
"43131","tt0758758","Into the Wild","2007","","3.5","2010-11-23 22:06:18"
"80702","tt1675434","Intouchables","2011","The Intouchables","3.5","2012-05-04 15:27:59"
"57684","tt1228705","Iron Man 2","2010","","3.5","2010-05-28 00:23:34"
"90042","tt1300854","Iron Man 3","2013","Iron Man Three","3","2013-05-14 00:31:25"
"3665","tt0290673","Irréversible","2002","Irréversible - Inversion Intégrale","3","2019-12-31 00:11:54"
"1111289","tt1396484","It","2017","It: Chapter One","3.5","2017-09-27 22:32:48"
"2402","tt0025316","It Happened One Night","1934","","3.5","2016-07-08 23:04:04"
"1101","tt0038650","It's a Wonderful Life","1946","Mens, Durf te Leven","3","2016-02-22 23:33:32"
"10142","tt0317740","Italian Job, The","2003","","3","2010-09-12 20:03:53"
"86718","tt0790724","Jack Reacher","2012","","2.5","2013-02-05 17:35:30"
"68068","tt1116184","Jackass 3D","2010","Jackass 3","3","2010-10-29 01:34:22"
"25176","tt0366627","Jacket, The","2005","","4","2017-08-10 19:27:17"
"184","tt0119396","Jackie Brown","1997","","3","2015-12-13 23:17:55"
"83231","tt2106476","Jagten","2012","The Hunt","3.5","2014-03-02 00:21:55"
"389782","tt4196776","Jason Bourne","2016","","2","2016-08-04 23:41:09"
"909","tt0073195","Jaws","1975","","3.5","2014-11-18 00:49:24"
"77607","tt0401729","John Carter","2012","","3","2014-07-30 21:43:00"
"72610","tt1634122","Johnny English Reborn","2011","","3","2011-10-04 22:19:43"
"1124245","tt7286456","Joker","2019","","4","2019-11-03 12:16:26"
"919","tt0206314","Joy Ride","2001","Road Kill","3.5","2010-05-19 00:39:06"
"1111300","tt2283362","Jumanji: Welcome to the Jungle","2017","","3.5","2017-12-27 13:16:46"
"1969","tt0110216","Junior","1994","","2.5","2008-07-17 20:30:18"
"365","tt0107290","Jurassic Park","1993","Jurassic Park 3D","4","2014-07-12 00:16:55"
"341","tt0163025","Jurassic Park III","2001","Jurassic Park 3","3","2014-07-12 00:16:33"
"100581","tt0369610","Jurassic World","2015","","3.5","2018-06-11 07:43:16"
"31794","tt0433400","Just Friends","2005","Just Friends - No Sex","3.5","2008-10-02 18:23:46"
"7270","tt0305711","Just Married","2003","","3","2012-01-12 12:42:19"
"53857","tt1250777","Kick-Ass","2010","","4","2010-04-23 21:07:03"
"92510","tt1650554","Kick-Ass 2","2013","","3.5","2013-08-25 22:28:04"
"4734","tt0012349","Kid, The","1921","Het Jochie","3.5","2018-01-23 12:46:36"
"3763","tt0266697","Kill Bill: Vol. 1","2003","","4","2013-03-03 01:04:19"
"15470","tt0378194","Kill Bill: Vol. 2","2004","Kill Bill 2","4","2014-08-08 16:10:16"
"1800","tt0087553","Killing Fields, The","1984","Velden des Doods","4","2014-10-24 00:26:57"
"76701","tt1764234","Killing Them Softly","2012","","2","2012-11-09 19:05:48"
"405035","tt5311514","Kimi no Na Wa.","2016","Your Name","3.5","2017-11-27 18:33:51"
"1128102","tt9686708","King of Staten Island, The","2020","","3.5","2020-08-07 23:19:06"
"48950","tt0448011","Knowing","2009","","3","2010-10-27 23:26:15"
"517351","tt3731562","Kong: Skull Island","2017","","3","2017-07-14 01:42:52"
"90904","tt2493466","Kuroyuri Danchi","2013","The Complex","2.5","2013-02-05 17:36:52"
"238","tt0119488","L.A. Confidential","1997","","3","2015-08-10 16:13:58"
"310151","tt3783958","La La Land","2016","","3.5","2019-03-30 13:00:38"
"31032","tt0457430","Laberinto del Fauno, El","2006","Pan's Labyrinth","2.5","2014-07-30 20:11:08"
"47287","tt1139797","Låt den Rätte Komma In","2008","Let the Right One In","3.5","2018-08-22 23:56:37"
"52019","tt1197624","Law Abiding Citizen","2009","","3.5","2010-01-09 13:41:32"
"1049","tt0056172","Lawrence of Arabia","1962","Lawrence van Arabië","4","2019-05-06 08:47:38"
"36292","tt0405094","Leben der Anderen, Das","2006","The Lives of Others","3.5","2012-08-20 00:39:01"
"64306","tt1219342","Legend of the Guardians: The Owls of Ga'Hoole","2010","Legende van Ga'Hoole 3D","3","2010-10-15 12:57:52"
"211","tt0110413","Léon","1994","The Professional","4","2016-03-12 23:53:22"
"5135","tt0015064","Letzte Mann, Der","1924","The Last Laugh","3","2014-11-05 21:07:47"
"842","tt0119528","Liar Liar","1997","","3.5","2015-03-10 23:35:09"
"1669","tt0079470","Life of Brian","1979","Monty Python's Life of Brian","2.5","2012-02-21 19:54:52"
"83229","tt0454876","Life of Pi","2012","","4","2013-02-05 17:35:15"
"458","tt0110357","Lion King, The","1994","De Leeuwenkoning","4","2014-07-28 22:25:30"
"1122303","tt6105098","Lion King, The","2019","","3.5","2019-07-26 01:03:27"
"62787","tt0970866","Little Fockers","2010","Meet the Parents: Little Fockers","3","2011-01-07 00:34:53"
"177","tt0185431","Little Nicky","2000","","3","2014-07-24 21:11:14"
"40519","tt0337978","Live Free or Die Hard","2007","Die Hard 4.0","4","2010-01-19 23:28:23"
"206","tt0120735","Lock, Stock and Two Smoking Barrels","1998","Lock, Stock & Two Smoking Barrels","2.5","2014-07-14 19:15:56"
"68869","tt1606789","Loft","2010","","3.5","2011-01-17 10:02:45"
"28279","tt0385057","Long Weekend, The","2005","","3","2009-11-05 23:57:52"
"76738","tt1276104","Looper","2012","","4","2013-02-05 17:34:55"
"500","tt0120737","Lord of the Rings: The Fellowship of the Ring, The","2001","","4","2018-12-26 15:31:57"
"3934","tt0167260","Lord of the Rings: The Return of the King, The","2003","","4","2018-12-29 20:37:13"
"14211","tt0335266","Lost in Translation","2003","","3","2011-01-22 21:09:24"
"364","tt0119567","Lost World: Jurassic Park, The","1997","Jurassic Park 2","2","2014-07-12 00:19:03"
"33239","tt0425210","Lucky Number Slevin","2006","Lucky Number S7evin","2.5","2017-11-03 13:54:59"
"98980","tt2872732","Lucy","2014","","3.5","2015-06-24 01:07:13"
"1109","tt0022100","M - Eine Stadt Sucht einen Mörder","1931","M","3","2014-11-14 00:01:15"
"15636","tt0361862","Machinist, The","2004","El Maquinista","4.5","2015-02-27 11:43:52"
"91413","tt1392190","Mad Max: Fury Road","2015","Mad Max: Fury Road: Black and Chrome","4","2016-05-02 22:36:54"
"14","tt0175880","Magnolia","1999","","4","2014-06-28 01:53:12"
"88497","tt2023587","Mama","2013","","3","2013-03-29 00:14:47"
"44526","tt0795421","Mamma Mia!","2008","Mamma Mia! The Movie","2.5","2012-02-06 18:02:20"
"87131","tt0770828","Man of Steel","2013","","4","2013-07-05 22:55:34"
"71754","tt1568338","Man on a Ledge","2012","","3.5","2012-07-26 02:07:02"
"17868","tt0328107","Man on Fire","2004","","3.5","2011-06-12 23:56:21"
"91","tt0125664","Man on the Moon","1999","","2","2014-08-24 21:58:24"
"84742","tt2401621","Marathon, De","2012","","3.5","2012-10-28 13:23:14"
"50633","tt0822832","Marley & Me","2008","Marley and Me","3","2009-07-03 12:18:16"
"720","tt0116996","Mars Attacks!","1996","","3.5","2017-03-22 21:39:38"
"113426","tt3659388","Martian, The","2015","","3.5","2015-10-17 15:33:08"
"55084","tt0978762","Mary and Max","2009","","3.5","2014-01-17 14:15:35"
"1958","tt0234215","Matrix Reloaded, The","2003","","4","2009-07-07 16:34:02"
"3933","tt0242653","Matrix Revolutions, The","2003","","3.5","2009-07-07 16:34:20"
"176","tt0133093","Matrix, The","1999","","5","2009-07-07 16:33:38"
"94632","tt1790864","Maze Runner, The","2014","","3","2014-10-19 01:39:24"
"105352","tt4046784","Maze Runner: The Scorch Trials","2015","Maze Runner 2","3","2015-10-17 15:32:23"
"29765","tt0415978","Me and You and Everyone We Know","2005","","3","2014-04-07 01:19:23"
"60850","tt0472399","Mechanic, The","2011","","3.5","2011-03-25 12:32:29"
"130","tt0209144","Memento","2000","","3.5","2011-03-25 12:26:10"
"82216","tt1409024","Men in Black 3","2012","Men in Black III","2.5","2012-05-30 10:45:41"
"938","tt0120749","Mercury Rising","1998","","3.5","2014-03-11 20:04:44"
"1661","tt0017136","Metropolis","1927","The Complete Metropolis","3","2018-10-19 23:39:43"
"1123704","tt8772262","Midsommar","2019","","3.5","2020-02-21 21:20:25"
"27185","tt0405159","Million Dollar Baby","2004","","3.5","2016-01-24 01:35:03"
"83895","tt1707386","Misérables, Les","2012","","2","2013-02-05 17:36:14"
"624","tt0100157","Misery","1990","","3.5","2014-03-03 01:29:10"
"1118270","tt4912910","Mission: Impossible - Fallout","2018","Mission: Impossible 6","2.5","2018-09-01 00:56:39"
"77807","tt1229238","Mission: Impossible - Ghost Protocol","2011","Mission Impossible 4","4","2012-01-12 12:41:15"
"104170","tt2381249","Mission: Impossible - Rogue Nation","2015","Mission: Impossible 5","3","2015-08-06 11:46:51"
"1550","tt0027977","Modern Times","1936","","3.5","2014-11-15 11:20:46"
"956","tt0198781","Monsters, Inc.","2001","Monsters en Co.","3.5","2019-09-15 19:15:56"
"1083","tt0071853","Monty Python and the Holy Grail","1975","","2.5","2014-08-05 22:43:41"
"50933","tt1182345","Moon","2009","","3","2011-04-12 00:16:33"
"548892","tt4975722","Moonlight","2016","","3.5","2020-09-27 16:26:59"
"82098","tt1748122","Moonrise Kingdom","2012","","3","2014-01-17 14:12:04"
"1268","tt0031679","Mr. Smith Goes to Washington","1939","Mr. Smith Gaat naar Washington","3.5","2018-09-16 00:05:33"
"1011","tt0166924","Mulholland Dr.","2001","Mulholland Drive","5","2014-12-29 13:48:47"
"33281","tt0408306","Munich","2005","","3.5","2016-03-01 23:03:31"
"11477","tt0327056","Mystic River","2003","","3.5","2011-02-05 11:03:42"
"4653","tt0077975","National Lampoon's Animal House","1978","Animal House","2.5","2017-08-10 19:24:18"
"4082","tt0097958","National Lampoon's Christmas Vacation","1989","Christmas Vacation","3","2010-12-25 23:48:10"
"2156","tt0283111","National Lampoon's Van Wilder","2002","Van Wilder","2","2015-08-16 16:21:59"
"310","tt0120768","Negotiator, The","1998","","3.5","2017-10-19 23:01:07"
"94788","tt2004420","Neighbors","2014","Bad Neighbours","3","2014-05-13 18:35:12"
"104237","tt1974419","Neon Demon, The","2016","","3","2018-02-03 23:51:48"
"1856","tt0074958","Network","1976","","3","2014-08-01 22:53:24"
"79830","tt2043932","New Kids Nitro","2011","","2","2011-12-15 01:08:49"
"70149","tt1648112","New Kids Turbo","2010","","3","2010-12-16 00:30:13"
"69057","tt1458175","Next Three Days, The","2010","","4","2011-05-06 08:44:11"
"279087","tt3799694","Nice Guys, The","2016","","2","2016-08-08 23:05:37"
"100511","tt2872718","Nightcrawler","2014","","3.5","2014-12-05 00:25:14"
"40815","tt0477348","No Country for Old Men","2007","","4","2015-02-25 01:04:56"
"523659","tt4550098","Nocturnal Animals","2016","","4.5","2019-05-09 22:35:37"
"91028","tt2024469","Non-Stop","2014","Non Stop","3.5","2014-03-18 12:28:32"
"89703","tt2650986","Nordvest","2013","Northwest","3","2013-04-12 17:22:24"
"554","tt0053125","North by Northwest","1959","De Man Die Verdwijnen Moest","3","2019-12-15 21:52:28"
"1850","tt0277371","Not Another Teen Movie","2001","Sex Academy","3","2010-05-28 00:59:28"
"18062","tt0332280","Notebook, The","2004","","3","2013-04-19 00:23:42"
"836","tt0125439","Notting Hill","1999","","3.5","2010-02-07 22:35:20"
"82187","tt1670345","Now You See Me","2013","","3.5","2013-07-05 15:18:41"
"38777","tt0481369","Number 23, The","2007","","3","2014-01-17 14:14:50"
"2436","tt0095765","Nuovo Cinema Paradiso","1988","Cinema Paradiso","4","2014-09-27 11:34:35"
"69","tt0190590","O Brother, Where Art Thou?","2000","","4","2009-07-16 19:42:54"
"31163","tt0476681","Ober","2006","","3","2011-04-09 01:58:12"
"88822","tt1483013","Oblivion","2013","","2","2013-04-22 22:04:55"
"697","tt0240772","Ocean's Eleven","2001","","3.5","2010-09-04 01:12:27"
"671","tt0151804","Office Space","1999","","3","2011-02-08 22:13:21"
"12397","tt0364569","Oldeuboi","2003","Oldboy","3.5","2012-02-27 16:03:46"
"87691","tt2302755","Olympus Has Fallen","2013","","3","2013-08-09 00:40:32"
"41998","tt0907657","Once","2007","","3.5","2015-02-21 00:06:09"
"740","tt0073486","One Flew over the Cuckoo's Nest","1975","","3.5","2012-01-12 12:42:04"
"83439","tt1602613","Only God Forgives","2013","","2.5","2017-09-27 22:34:04"
"41496","tt0464141","Orfanato, El","2007","The Orphanage","4","2019-08-14 22:03:01"
"89343","tt1980209","Pain & Gain","2013","","3","2013-08-18 23:15:15"
"1128227","tt9484998","Palm Springs","2020","","4","2020-10-15 23:24:45"
"48762","tt1179904","Paranormal Activity","2007","","3","2010-08-16 23:59:15"
"79044","tt1778304","Paranormal Activity 3","2011","","3","2012-04-18 02:05:11"
"450098","tt1355644","Passengers","2016","","3.5","2018-11-22 22:01:56"
"1007","tt0050825","Paths of Glory","1957","","3","2015-07-22 17:37:16"
"591","tt0059578","Per Qualche Dollaro in Più","1965","For a Few Dollars More","4","2018-11-24 12:09:03"
"80020","tt1659337","Perks of Being a Wallflower, The","2012","","3.5","2014-08-08 23:07:11"
"41450","tt0808417","Persepolis","2007","","3","2012-02-23 14:03:15"
"73","tt0138704","Pi","1998","π","3","2011-04-17 14:50:13"
"3105","tt0253474","Pianist, The","2002","","4","2012-09-22 01:36:52"
"42633","tt0910936","Pineapple Express","2008","","2.5","2011-04-18 00:22:33"
"61387","tt0464154","Piranha 3D","2010","Piranha","3","2010-09-11 15:08:33"
"71929","tt1298650","Pirates of the Caribbean: On Stranger Tides","2011","","3","2011-06-06 23:59:00"
"45151","tt0762125","Planet 51","2009","Planeet 51","3","2010-03-25 13:21:47"
"252","tt0091763","Platoon","1986","","3.5","2015-02-05 21:45:47"
"780","tt0120789","Pleasantville","1998","","3.5","2008-07-31 22:57:17"
"93640","tt2397535","Predestination","2014","","3","2017-01-15 15:01:58"
"26649","tt0390384","Primer","2004","","3","2017-11-08 18:20:46"
"1577","tt0093779","Princess Bride, The","1987","","3","2016-02-23 23:50:12"
"93712","tt1392214","Prisoners","2013","","4.5","2014-01-26 00:50:07"
"80494","tt1636826","Project X","2012","","4","2012-03-31 01:21:54"
"79820","tt1446714","Prometheus","2012","","4","2012-06-21 09:46:56"
"52966","tt1041829","Proposal, The","2009","","3","2011-05-28 01:51:28"
"570","tt0054215","Psycho","1960","Alfred Hitchcock's Psycho","4","2019-11-22 23:22:03"
"48987","tt1152836","Public Enemies","2009","","2","2009-11-29 19:42:37"
"4739","tt0022286","Public Enemy, The","1931","","3","2014-11-19 12:39:24"
"182","tt0110912","Pulp Fiction","1994","","3.5","2011-03-27 00:55:53"
"38180","tt0454921","Pursuit of Happyness, The","2006","","3.5","2012-10-21 00:46:48"
"6080","tt0100449","Quick Change","1990","","3","2011-03-26 21:41:22"
"1116842","tt6644200","Quiet Place, A","2018","","3","2019-07-05 23:51:38"
"5381","tt0252444","Rabbit-Proof Fence","2002","","3.5","2014-11-02 23:58:55"
"468","tt0081398","Raging Bull","1980","","3","2018-02-06 16:51:44"
"317","tt0082971","Raiders of the Lost Ark","1981","Indiana Jones and the Raiders of the Lost Ark","3","2015-10-18 14:44:28"
"400","tt0095953","Rain Man","1988","","3.5","2011-03-29 11:49:01"
"1482","tt0042876","Rashômon","1950","In the Woods","2.5","2020-01-12 20:42:38"
"563","tt0250687","Rat Race","2001","","4","2012-10-27 22:07:30"
"1114610","tt1677720","Ready Player One","2018","","4","2018-04-16 10:46:33"
"847","tt0047396","Rear Window","1954","De Stille Getuige","3","2019-01-30 23:28:02"
"67416","tt1245526","Red","2010","","3.5","2010-10-27 22:20:36"
"89281","tt1821694","Red 2","2013","","2.5","2017-03-20 00:39:15"
"100125","tt3011894","Relatos Salvajes","2014","Wild Tales","4","2019-02-08 22:41:11"
"43707","tt0804522","Rendition","2007","","4","2018-08-20 17:31:46"
"173","tt0180093","Requiem for a Dream","2000","","4","2011-01-21 01:17:32"
"183","tt0105236","Reservoir Dogs","1992","","3.5","2009-08-27 00:51:33"
"64859","tt1220634","Resident Evil: Afterlife","2010","Resident Evil 4: Afterlife","3","2010-10-01 23:44:46"
"102993","tt1663202","Revenant, The","2015","","4","2017-10-15 11:11:14"
"21687","tt0267891","Ringer, The","2005","","3","2010-07-18 23:07:35"
"74755","tt1318514","Rise of the Planet of the Apes","2011","Rise of the Apes","4","2011-09-08 15:45:03"
"12","tt0215129","Road Trip","2000","","3.5","2010-10-09 23:46:24"
"59422","tt1319733","Road Trip: Beer Pong","2009","","3","2011-10-13 13:26:33"
"57440","tt0955308","Robin Hood","2010","","3","2010-05-21 07:54:51"
"156898","tt3170832","Room","2015","","4","2017-12-10 11:35:00"
"26162","tt0404390","Running Scared","2006","","3.5","2016-04-21 23:04:38"
"83141","tt1979320","Rush","2013","","3","2014-02-17 23:58:02"
"14514","tt0353969","Salinui Chueok","2003","Memories of Murder","3.5","2020-05-01 08:41:06"
"56511","tt0944835","Salt","2010","","3.5","2010-08-23 21:52:39"
"389923","tt1700841","Sausage Party","2016","","3","2017-02-09 17:58:34"
"363","tt0120815","Saving Private Ryan","1998","","4","2010-10-10 01:15:27"
"19718","tt0387564","Saw","2004","","4","2009-11-09 17:23:28"
"67959","tt1477076","Saw 3D","2010","Saw 3D: The Final Chapter","2.5","2011-02-19 01:45:19"
"42857","tt0890870","Saw IV","2007","Saw 4","2.5","2010-12-25 23:47:44"
"113","tt0086250","Scarface","1983","","4","2018-02-12 22:32:18"
"127","tt0175142","Scary Movie","2000","","3.5","2011-02-21 00:43:29"
"347","tt0257106","Scary Movie 2","2001","","2","2011-02-21 00:44:00"
"10561","tt0306047","Scary Movie 3","2003","","3","2011-02-21 00:44:11"
"741","tt0108052","Schindler's List","1993","","4","2016-02-06 01:14:59"
"14167","tt0332379","School of Rock, The","2003","School of Rock","4","2010-12-13 01:50:48"
"58233","tt0446029","Scott Pilgrim vs. the World","2010","","4","2010-11-20 02:25:16"
"394","tt0117571","Scream","1996","","3","2009-12-06 00:51:10"
"1421","tt0096061","Scrooged","1988","","3","2009-12-26 00:42:54"
"190","tt0114369","Se7en","1995","Seven","4","2009-11-20 23:27:26"
"1117988","tt7668870","Searching","2018","","4.5","2019-05-09 22:35:56"
"93280","tt0359950","Secret Life of Walter Mitty, The","2013","","3.5","2014-01-17 14:16:22"
"60582","tt1305806","Secreto de Sus Ojos, El","2009","The Secret in Their Eyes","4","2014-09-06 10:19:39"
"4106","tt0245429","Sen to Chihiro no Kamikakushi","2001","Spirited Away","3.5","2018-02-08 10:18:27"
"10867","tt0056058","Seppuku","1962","Harakiri","3.5","2020-02-09 19:31:30"
"49100","tt0814314","Seven Pounds","2008","","3.5","2016-12-25 11:49:29"
"1410","tt0256380","Shallow Hal","2001","","3.5","2009-09-02 22:50:07"
"17064","tt0365748","Shaun of the Dead","2004","","3.5","2010-01-22 00:16:27"
"273","tt0111161","Shawshank Redemption, The","1994","","4","2010-01-20 16:23:40"
"55372","tt0815236","She's out of My League","2010","","3","2012-10-25 23:38:08"
"34317","tt0454945","She's the Man","2006","","3.5","2010-08-20 02:20:51"
"1102","tt0047478","Shichinin no Samurai","1954","Seven Samurai","3.5","2019-05-07 16:01:56"
"742","tt0081505","Shining, The","1980","","3","2014-03-12 01:54:29"
"57010","tt1130884","Shutter Island","2010","","3.5","2010-03-14 22:04:32"
"24458","tt0375063","Sideways","2004","","3.5","2015-06-20 00:24:20"
"215","tt0102926","Silence of the Lambs, The","1991","","3","2014-03-27 17:44:55"
"80448","tt1045658","Silver Linings Playbook","2012","","3","2013-03-03 16:51:00"
"25000","tt0401792","Sin City","2005","Frank Miller's Sin City","3.5","2016-01-08 22:38:11"
"1110","tt0045152","Singin' in the Rain","1952","","3.5","2018-05-29 18:26:04"
"82424","tt1922777","Sinister","2012","","3.5","2018-08-18 20:37:55"
"65128","tt1167675","Sint","2010","Saint","3","2010-11-15 22:08:05"
"82188","tt1074638","Skyfall","2012","Sky Fall","4","2012-11-08 00:38:07"
"852","tt0108160","Sleepless in Seattle","1993","","3","2011-03-28 15:28:02"
"50507","tt1010048","Slumdog Millionaire","2008","","3.5","2011-03-17 13:11:14"
"64109","tt0472181","Smurfs, The","2011","De Smurfen","3","2011-08-17 21:24:38"
"52","tt0208092","Snatch","2000","","2.5","2015-03-08 00:35:15"
"90234","tt0882977","Snitch","2013","","3","2013-05-02 23:53:14"
"1132871","tt11464826","Social Dilemma, The","2020","","3.5","2020-10-03 22:35:26"
"67205","tt1285016","Social Network, The","2010","","3.5","2010-11-14 01:14:50"
"1105","tt0053291","Some Like It Hot","1959","","3.5","2020-01-24 22:39:46"
"71448","tt0945513","Source Code","2011","","3.5","2012-11-15 23:50:43"
"197","tt0158983","South Park: Bigger, Longer & Uncut","1999","","3.5","2010-10-25 14:00:00"
"102442","tt2379713","Spectre","2015","","3","2015-11-23 22:11:19"
"1343","tt0145487","Spider-Man","2002","","2.5","2015-08-06 23:02:41"
"1119894","tt4633694","Spider-Man: Into the Spider-Verse","2018","Spider-Man: Een Nieuw Universum","3.5","2020-08-02 21:21:11"
"46772","tt1017460","Splice","2009","","1.5","2010-11-21 03:08:06"
"121606","tt1895587","Spotlight","2015","","4","2018-02-11 00:25:11"
"84918","tt2101441","Spring Breakers","2012","","3.5","2013-04-12 13:36:15"
"1089","tt0092005","Stand by Me","1986","","3","2014-07-28 00:21:23"
"84","tt0076759","Star Wars","1977","Star Wars: Episode IV - A New Hope","3.5","2015-12-27 20:58:33"
"85","tt0080684","Star Wars: Episode V - The Empire Strikes Back","1980","","3","2015-12-27 20:58:55"
"87","tt0086190","Star Wars: Episode VI - Return of the Jedi","1983","","3.5","2015-12-27 20:59:06"
"104182","tt2488496","Star Wars: Episode VII - The Force Awakens","2015","Star Wars: The Force Awakens","3","2015-12-29 12:38:16"
"46655","tt0838283","Step Brothers","2008","","2","2015-03-26 00:14:23"
"88266","tt1682180","Stoker","2013","","3","2013-04-19 00:24:11"
"67791","tt0978764","Sucker Punch","2011","","3.5","2011-04-08 18:19:07"
"1106","tt0043014","Sunset Blvd.","1950","Sunset Boulevard","3.5","2018-06-06 23:48:21"
"42201","tt0829482","Superbad","2007","","3.5","2010-11-12 00:28:17"
"45386","tt0936501","Taken","2008","","3.5","2015-03-14 00:04:12"
"701","tt0075314","Taxi Driver","1976","","3.5","2016-07-16 22:22:17"
"82977","tt1637725","Ted","2012","","4","2012-09-19 00:13:44"
"64005","tt1278469","Temple Grandin","2010","","4","2014-06-10 19:43:35"
"34308","tt0365830","Tenacious D in the Pick of Destiny","2006","The Pick of Destiny","3","2018-03-24 18:16:53"
"1127686","tt6723592","Tenet","2020","","4","2020-09-04 23:17:02"
"18155","tt0362227","Terminal, The","2004","","3.5","2015-02-11 00:14:51"
"200","tt0103064","Terminator 2: Judgment Day","1991","T2 - Terminator 2: Judgment Day","4","2017-12-02 00:42:36"
"205","tt0088247","Terminator, The","1984","","3.5","2016-01-04 10:18:26"
"33818","tt0420294","Texas Chainsaw Massacre: The Beginning, The","2006","","3","2010-05-21 23:35:52"
"436","tt0084787","Thing, The","1982","John Carpenter's The Thing","3","2017-10-28 18:55:37"
"89487","tt1245492","This Is the End","2013","","3","2014-11-16 17:59:51"
"80021","tt1596350","This Means War","2012","","3.5","2012-02-14 22:52:01"
"65932","tt0800369","Thor","2011","","3","2011-05-06 00:54:13"
"1112920","tt5027774","Three Billboards Outside Ebbing, Missouri","2017","","3.5","2018-02-16 00:54:19"
"46777","tt0452694","Time Traveler's Wife, The","2009","","3.5","2017-10-01 10:13:28"
"316","tt0120338","Titanic","1997","","4","2008-08-02 23:40:56"
"1103","tt0056592","To Kill a Mockingbird","1962","","3.5","2016-09-08 08:53:49"
"4687","tt0096283","Tonari no Totoro","1988","My Neighbor Totoro","4","2020-03-06 21:35:02"
"73345","tt0471042","Tower Heist","2011","","2.5","2012-07-26 00:07:50"
"61997","tt0840361","Town, The","2010","","4","2010-10-24 19:13:09"
"308","tt0114709","Toy Story","1995","","3.5","2014-07-28 22:26:42"
"42","tt0120363","Toy Story 2","1999","","3.5","2014-07-28 22:26:53"
"49471","tt0435761","Toy Story 3","2010","","3.5","2016-04-20 13:01:57"
"56006","tt1187064","Triangle","2009","","3","2017-06-17 23:20:46"
"59176","tt1104001","Tron: Legacy","2010","","2.5","2011-01-13 23:07:18"
"68966","tt1403865","True Grit","2010","","3.5","2011-03-04 23:43:28"
"189","tt0120382","Truman Show, The","1998","","5","2014-11-07 23:12:48"
"61983","tt1529572","Trust","2010","","3.5","2012-10-02 23:42:23"
"61322","tt1465522","Tucker and Dale vs. Evil","2010","","3","2011-01-31 23:00:06"
"185","tt0114746","Twelve Monkeys","1995","12 Monkeys","3.5","2019-05-26 21:41:20"
"95","tt0217869","Unbreakable","2000","","3.5","2015-03-29 20:11:51"
"428","tt0105695","Unforgiven","1992","","3","2018-09-09 10:02:22"
"71130","tt1401152","Unknown","2011","","3","2011-06-02 22:50:58"
"68593","tt0477080","Unstoppable","2010","","3","2010-12-14 00:16:48"
"26078","tt0363163","Untergang, Der","2004","Downfall","4","2012-09-30 01:09:15"
"53718","tt0914863","Unthinkable","2010","","3.5","2010-07-08 22:17:56"
"49285","tt1049413","Up","2009","","3.5","2012-10-25 13:41:14"
"1122609","tt6857112","Us","2019","","4","2020-01-26 21:44:26"
"233","tt0114814","Usual Suspects, The","1995","","2.5","2013-05-09 22:51:02"
"29364","tt0434409","V for Vendetta","2005","","4","2008-07-28 21:44:15"
"49708","tt1185616","Vals im Bashir","2008","Waltz with Bashir","2.5","2012-02-27 18:51:24"
"86559","tt2388805","Verliefd op Ibiza","2013","","2","2013-02-17 15:28:08"
"848","tt0052357","Vertigo","1958","De Vrouw Die Tweemaal Leefde","4","2019-12-01 21:04:04"
"77850","tt1268799","Very Harold & Kumar 3D Christmas, A","2011","Very Harold and Kumar Christmas","3","2014-01-17 14:14:07"
"670","tt0118799","Vita È Bella, La","1997","Life Is Beautiful","3.5","2014-02-03 00:43:22"
"18089","tt0376968","Vozvrashchenie","2003","The Return","4","2018-09-23 22:50:52"
"654","tt0094291","Wall Street","1987","","3","2010-09-19 00:11:00"
"41652","tt0910970","WALL·E","2008","Wall-E","3","2014-01-17 21:41:47"
"45567","tt0493464","Wanted","2008","","3","2010-03-23 23:40:54"
"27772","tt0407304","War of the Worlds","2005","","4","2008-09-15 21:14:44"
"63154","tt1291584","Warrior","2011","","4","2015-08-16 16:21:00"
"87074","tt2177843","We Are Legion: The Story of the Hacktivists","2012","","3","2016-07-11 22:15:18"
"66113","tt1242460","We Need to Talk about Kevin","2011","","4","2014-01-17 14:11:30"
"91246","tt1723121","We're the Millers","2013","","3.5","2013-08-20 04:28:07"
"46725","tt1063669","Welle, Die","2008","The Wave","4","2012-09-15 00:16:50"
"1123771","tt7137906","When They See Us","2019","","4","2019-10-30 20:06:57"
"97741","tt2582802","Whiplash","2014","","4","2015-12-19 11:40:49"
"66736","tt0896872","Whistleblower, The","2010","","3.5","2011-11-08 23:46:12"
"6590","tt0070917","Wicker Man, The","1973","De Gevlochten God","3.5","2019-08-02 23:33:43"
"5532","tt0018578","Wings","1927","Vlammende Vleugels","2.5","2014-10-29 01:30:03"
"2262","tt0051201","Witness for the Prosecution","1957","","3.5","2018-08-11 09:26:16"
"88813","tt0993846","Wolf of Wall Street, The","2013","","4","2014-02-08 15:45:05"
"335153","tt0451279","Wonder Woman","2017","","3.5","2017-06-20 23:18:51"
"34469","tt0469641","World Trade Center","2006","","3","2009-09-07 23:32:22"
"90206","tt0816711","World War Z","2013","","3","2013-07-05 15:17:16"
"2378","tt0245574","Y Tu Mamá También","2001","And Your Mama Too","2","2012-02-23 16:16:33"
"46762","tt1068680","Yes Man","2008","","3.5","2009-02-26 11:54:22"
"78624","tt1853739","You're Next","2011","","2.5","2017-08-20 01:38:14"
"87880","tt1790885","Zero Dark Thirty","2012","","3","2013-03-02 18:23:01"
"20682","tt0443706","Zodiac","2007","","3.5","2019-02-09 23:50:37"
"58515","tt1156398","Zombieland","2009","","3.5","2009-11-21 11:28:53"
